part,hole_index,center_x_mm,center_y_mm,short_extent_mm,long_extent_mm,area_mm2,web_to_outer_mm
01_body_profile,0,21.2061,139.1016,1.6000000000000014,5.0,8.000000000000007,12.440783361589428
01_body_profile,1,21.319882252043474,34.49818523716163,5.29140127062121,21.69539708533298,90.15797244000007,5.886268561236306
01_body_profile,2,21.08430853663903,82.14038043204077,3.9555000000000007,15.846399999999988,49.237092370000006,7.412106888064186
01_body_profile,3,15.565198319683411,95.61688079306782,1.9840334184175512,6.084580815362792,9.4732533,5.261925610068693
01_body_profile,4,25.883900503905842,95.68308455059861,1.9840334184175477,6.084580815362793,9.473263770000006,5.946003201523896
01_body_profile,5,27.032,118.41080000000001,1.6000007025136858,4.000029328887086,6.399978980000011,7.5058724501974865
01_body_profile,6,38.58551852593869,122.09288210289658,1.600000702513617,4.000029328887213,6.399813490000005,1.397598051929133
01_body_profile,7,15.456100000000003,118.37620000000001,1.6000007025136924,4.000029328887074,6.399978980000008,7.950788110073895
01_body_profile,8,3.8847185260818042,122.0703678975439,1.6000007031129242,3.9999851050916213,6.399764050000003,1.5341584827000818
02_mounting_plate,0,23.2306,11.2266,1.5,5.0,7.5,7.952471586089131
02_mounting_plate,1,23.28111457550142,23.32077290985444,13.314348333963661,15.871379358411158,166.02272917000002,9.15681554917296
02_mounting_plate,2,19.0474790135268,46.16334792234323,3.263200000000001,9.522800000000004,28.76963161999999,3.3093999999999997
02_mounting_plate,3,27.161417482893086,46.163427648672155,3.263300000000001,9.5229,28.770498875,3.3127110678534186
02_mounting_plate,4,18.95927883918153,62.479328142909814,3.2631999999999977,9.5229,28.769552074999996,3.2211999999999996
02_mounting_plate,5,27.073170487733783,62.47942831233661,3.2631999999999977,9.5229,28.769540055000007,3.4014643313309034
02_mounting_plate,6,29.050532102523928,31.919701025538142,1.6000316046878305,4.000080211695762,6.400116869999998,5.619582959753072
02_mounting_plate,7,40.60403210252393,28.237501025538148,1.6000316046877932,4.000080211695852,6.400116869999992,2.123864957385739
02_mounting_plate,8,17.474632102881753,31.954248974797174,1.5999364990950793,4.00008021169576,6.399736445000009,5.7502833081051135
02_mounting_plate,9,5.903332102523933,28.259998974461844,1.600031604687929,4.000080211695761,6.400116869999997,2.3929893494065864
03_fork_plain_right,0,19.057566821154378,30.102260097161555,3.9983358322555667,7.005540822984395,28.009501875000005,3.900942545078047
04_fork_plain_left,0,13.3129,30.1022,3.9982482328252513,7.005475691822094,28.008748379999986,3.9010425388606063
05_fork_slotted_right,0,19.213169127415107,29.877443569130545,4.000061180586743,7.005322987557392,28.021157505000012,1.6535570235220043
06_fork_slotted_left,0,13.66763087258489,29.877543569130545,4.000061180586701,7.0053229875573875,28.02115750499999,1.653557023522011
07_side_bracket_lower,0,12.628190499428287,31.45920780844138,0.9948000000000015,0.9948000000000032,0.7805340449999998,1.3641000000000005
07_side_bracket_lower,1,12.62819050185981,3.736290501859813,0.9947999999999997,0.9948000000000032,0.7804957799999995,1.1640000000000006
08_side_bracket_upper,0,12.628190501653783,31.459200000000006,0.9948000000000015,0.9948000000000032,0.7804788499999998,1.3641000000000005
08_side_bracket_upper,1,12.628190499306406,3.7362855321135355,0.9947999999999997,0.9948000000000032,0.7805079449999994,1.1639
09_three_hole_strip,0,3.9118140888988777,27.492409732436826,3.9662000000000006,7.8934,24.585731495,1.93
09_three_hole_strip,1,4.044117795201845,7.86911108143046,3.9662,7.8934,24.585772535000007,1.9714999999999998
09_three_hole_strip,2,4.0000208494538265,17.526509428338493,3.9661999999999997,7.8934,24.585819165000004,2.0156
10_four_hole_plate_bottom_right,0,6.743001862284881,20.620335318111632,0.994702791997121,0.9947029876914651,0.7802596050000004,2.9193884183359478
10_four_hole_plate_bottom_right,1,6.737043098935523,11.558303754666692,0.9948027918056398,0.9948029874999795,0.78038485,2.9188516922347123
10_four_hole_plate_bottom_right,2,6.735528417533028,17.58942958843981,0.994702791997121,0.9947029876914651,0.7803047850000001,2.9192897318712383
10_four_hole_plate_bottom_right,3,6.728059753229501,14.589440110749484,0.9947029876914598,0.9947029876914633,0.7802838450000003,2.919322347929502
11_four_hole_plate_top_left,0,3.4324155147455904,6.295400594056826,0.9947670959903108,0.9947670959903117,0.7802337199999999,2.9168609828147445
11_four_hole_plate_top_left,1,3.4383666596464675,15.357437949889663,0.9948665669114336,0.9948665669114426,0.7803907449999999,2.916516164201847
11_four_hole_plate_top_left,2,3.439873320004903,9.326320754458058,0.9947670959903117,0.9948665669114332,0.7802819900000001,2.916716685367505
11_four_hole_plate_top_left,3,3.447336991688518,12.326290091191927,0.9947670959903104,0.9948665669114333,0.7803088700000005,2.9167495503377925
12_four_hole_plate_bottom_left,0,6.743004674228195,20.62032649166142,0.9947029876914615,0.9947029876914624,0.7802554800000002,2.9193881694239248
12_four_hole_plate_bottom_left,1,6.737059845990441,11.558297172980879,0.9948029874999795,0.9948029874999804,0.7804151899999998,2.9188516922347123
12_four_hole_plate_bottom_left,2,6.735543929206966,17.589406087225242,0.9947029876914615,0.9947029876914624,0.7802721250000004,2.9192894829592144
12_four_hole_plate_bottom_left,3,6.728070151880544,14.589430686394032,0.9947029876914598,0.9947029876914633,0.7803016100000001,2.919322347929502
13_four_hole_plate_top_right,0,3.4324169210293847,6.29539281425024,0.9947670959903108,0.9947670959903117,0.78023751,2.9168609828147445
13_four_hole_plate_top_right,1,3.4383654789226896,15.357435739223524,0.9948665669114336,0.9948665669114426,0.78038128,2.9165154524761023
13_four_hole_plate_top_right,2,3.439872956349161,9.326316443819104,0.9947585038784247,0.9948678081060285,0.78026954,2.916716685367505
13_four_hole_plate_top_right,3,3.447342218216171,12.32628604295286,0.9947670959903104,0.9948665669114333,0.7803194250000005,2.9167495503377925
